<?xml version="1.0" encoding="UTF-8"?><rss version="2.0"
	xmlns:content="http://purl.org/rss/1.0/modules/content/"
	xmlns:dc="http://purl.org/dc/elements/1.1/"
	xmlns:atom="http://www.w3.org/2005/Atom"
	xmlns:sy="http://purl.org/rss/1.0/modules/syndication/"
	
	>
<channel>
	<title>
	دیدگاه‌ها برای داروخانه دیجیتال	</title>
	<atom:link href="/comments/feed/" rel="self" type="application/rss+xml" />
	<link></link>
	<description></description>
	<lastBuildDate>Tue, 27 Aug 2024 08:49:02 +0000</lastBuildDate>
	<sy:updatePeriod>
	hourly	</sy:updatePeriod>
	<sy:updateFrequency>
	1	</sy:updateFrequency>
	<generator>https://wordpress.org/?v=6.6.1</generator>
	<item>
		<title>
		دیدگاه‌ها برای سلام دنیا! با یک نویسنده دیدگاه وردپرس		</title>
		<link>/2024/08/27/%d8%b3%d9%84%d8%a7%d9%85-%d8%af%d9%86%db%8c%d8%a7/#comment-1</link>

		<dc:creator><![CDATA[یک نویسنده دیدگاه وردپرس]]></dc:creator>
		<pubDate>Tue, 27 Aug 2024 08:49:02 +0000</pubDate>
		<guid isPermaLink="false">/?p=1#comment-1</guid>

					<description><![CDATA[سلام، این یک دیدگاه است.
برای شروع مدیریت، ویرایش و پاک کردن دیدگاه‌ها، لطفا بخش دیدگاه‌ها در پیشخوان را ببینید.
تصاویر نویسندگان دیدگاه از &lt;a href=&quot;https://fa.gravatar.com/&quot;&gt;Gravatar&lt;/a&gt; گرفته می‌شود.]]></description>
			<content:encoded><![CDATA[<p>سلام، این یک دیدگاه است.<br />
برای شروع مدیریت، ویرایش و پاک کردن دیدگاه‌ها، لطفا بخش دیدگاه‌ها در پیشخوان را ببینید.<br />
تصاویر نویسندگان دیدگاه از <a href="https://fa.gravatar.com/">Gravatar</a> گرفته می‌شود.</p>
]]></content:encoded>
		
			</item>
	</channel>
</rss>
